id,country,20210824,20210823,20210822,20210821,20210820,20210819,20210818,20210817,20210816,20210815,20210814,20210813,20210812,20210811,20210810,20210809,20210808,20210807,20210806,20210805,20210804
1,Afghanistan,152583,152583,152448,152448,152448,152411,152363,152243,152142,151770,151770,151770,151563,151291,151013,150778,149810,149810,149810,149361,148933
2,Albania,140521,139721,139324,138790,138132,137597,137075,136598,136147,135947,135550,135140,134761,134487,134201,133981,133912,133730,133591,133442,133310
3,Algeria,192626,192089,191583,191171,190656,190078,189384,188663,187968,187258,186655,185902,185042,184191,183347,182368,181376,180356,179216,178013,176724
4,Andorra,15003,15002,14988,14988,14988,14981,14976,14960,14954,14924,14924,14924,14908,14891,14873,14836,14836,14836,14836,14809,14797
5,Angola,46076,45945,45945,45583,45325,45175,44972,44739,44617,44534,44534,44174,43998,43890,43747,43662,43592,43487,43487,43158,43070
6,Antigua and Barbuda,1540,1490,1490,1490,1421,1421,1421,1397,1397,1378,1372,1372,1372,1348,1348,1348,1328,1328,1320,1311,1311
7,Argentina,5139966,5133831,5130852,5124963,5116803,5106207,5096443,5088271,5084635,5080908,5074725,5066253,5052884,5041487,5029075,5018895,5012754,5002951,4989402,4975616,4961880
8,Armenia,238422,237885,237634,237249,236742,236234,235675,235171,234814,234558,234227,233797,233400,233001,232610,232297,232157,231923,231625,231322,230993
9,Australia,45750,44922,44028,43119,42229,41522,40775,40097,39615,39097,38658,38165,37754,37377,37009,36630,36330,36045,35688,35391,35089
10,Austria,678605,677603,676526,675405,674077,672819,671593,670372,669506,668732,667841,666890,665885,665035,664133,663532,663082,662529,661922,661359,660854
11,Azerbaijan,398034,394451,391506,388437,384886,380918,377304,373175,369853,368002,365009,361501,359732,357058,354662,352926,351825,350605,349316,348074,346878
12,Bahamas,17545,17386,16962,16962,16962,16848,16668,16668,16668,16141,16141,16141,16141,15915,15915,15794,15419,15419,15191,15191,15046
13,Bahrain,271715,271631,271534,271432,271353,271257,271130,271025,270919,270816,270692,270590,270451,270290,270161,270060,269949,269949,269737,269617,269495
14,Bangladesh,1472964,1467715,1461998,1457194,1453203,1447210,1440644,1433396,1425861,1418902,1412218,1405333,1396868,1386742,1376322,1365158,1353695,1343396,1335260,1322654,1309910
15,Barbados,4668,4652,4640,4628,4609,4594,4581,4581,4548,4525,4525,4509,4496,4485,4480,4480,4464,4455,4443,4433,4433
16,Belarus,471495,470635,469717,468415,466948,465210,463855,462794,462197,461303,459998,458847,457422,456247,455281,454674,453932,452953,451740,450445,449302
17,Belgium,1168602,1163726,1163726,1163726,1161558,1159366,1156620,1154879,1149869,1149869,1149869,1147855,1145736,1143127,1141379,1136726,1136726,1136726,1134907,1132934,1130758
18,Belize,15556,15415,15415,15415,15334,15182,15108,15010,14847,14847,14847,14738,14672,14578,14499,14438,14438,14438,14382,14331,14284
19,Benin,12021,10183,10183,10183,10183,10183,10183,9065,9065,9065,9065,9065,9065,9065,8608,8608,8608,8608,8608,8608,8394
20,Bhutan,2591,2585,2585,2585,2580,2580,2577,2577,2577,2571,2570,2566,2553,2551,2550,2546,2544,2544,2544,2543,2540
21,Bolivia,487131,486643,486394,485184,484446,484446,483731,482428,482428,481631,481631,480229,480229,478671,478671,478063,477262,477262,476795,476097,475265
22,Bosnia and Herzegovina,210442,209909,209073,209073,209073,208644,208267,207847,207571,207076,207076,207076,206835,206655,206476,206317,206106,206106,206106,206031,205949
23,Botswana,150842,146461,146461,146461,146461,142380,142380,142380,136758,136758,136758,136758,130771,130771,130771,122574,122574,122574,122574,115220,115220
24,Brazil,20583994,20570891,20556487,20556487,20494212,20457897,20416183,20378570,20364099,20350142,20319000,20285067,20245085,20212642,20177757,20165672,20151779,20108746,20066587,20026533,19985817
25,Brunei,1873,1873,1455,1455,1136,946,946,852,787,723,640,543,543,440,406,364,347,339,339,339,338
26,Bulgaria,443186,441295,440911,440066,438698,437327,435940,434535,433234,432962,432339,431292,430410,429628,428823,428049,427873,427481,426932,426432,426003
27,Burkina Faso,13725,13715,13713,13699,13692,13692,13680,13677,13677,13675,13671,13668,13635,13632,13626,13625,13621,13610,13607,13599,13591
28,Burma,378377,375871,373685,371512,368768,365759,363169,360291,356985,354279,351605,348186,344730,341300,337561,333127,329516,326489,322838,319250,315118
29,Burundi,10791,10791,10791,10791,10791,10198,10198,10198,9620,9620,9620,9408,9175,9175,8800,8800,8088,8088,8088,7714,7518
30,Cabo Verde,34773,34773,34686,34686,34645,34598,34529,34445,34397,34344,34286,34235,34235,34171,34078,34078,34010,33976,33976,33941,33906
31,Cambodia,90107,89641,89231,88735,88242,87723,87190,86597,86041,85448,84860,84262,83839,83384,82898,82399,81891,81335,80813,80225,79634
32,Cameroon,82454,82454,82454,82454,82454,82454,82454,82454,82454,82454,82454,82454,82454,82064,82064,82064,82064,82064,82064,82064,82064
33,Canada,1481654,1477725,1475537,1474854,1472317,1469238,1466547,1464501,1460775,1459070,1458326,1456157,1454071,1451961,1450361,1447584,1446497,1445915,1444495,1442972,1441701
34,Central African Republic,11270,11251,11251,11251,11251,11251,11251,11251,11251,11251,11251,11195,11195,11195,7151,7151,7151,7151,7151,7151,7151
35,Chad,4987,4987,4985,4985,4984,4984,4984,4984,4982,4982,4982,4981,4981,4981,4981,4980,4978,4977,4977,4976,4974
36,Chile,1634775,1634394,1633816,1633153,1632441,1631689,1630831,1630330,1629932,1629192,1628293,1627428,1626595,1625467,1624823,1624316,1623363,1622509,1621571,1620389,1619183
37,China,106819,106777,106751,106717,106693,106657,106615,106574,106529,106475,106421,106353,106249,106163,106052,105904,105778,105682,105575,105439,105353
38,Colombia,4892235,4889537,4886897,4883932,4880516,4877323,4874169,4870922,4867761,4864629,4860622,4856595,4852323,4846955,4843007,4838984,4834634,4828583,4821603,4815063,4807979
39,Comoros,4051,4051,4050,4044,4044,4044,4039,4039,4038,4038,4038,4035,4035,4031,4031,4031,4031,4031,4030,4030,4028
40,Congo (Brazzaville),13493,13398,13398,13398,13398,13398,13398,13398,13356,13356,13356,13356,13356,13293,13293,13293,13216,13216,13216,13216,13216
41,Congo (Kinshasa),54009,54009,54009,53899,53757,53757,53620,53501,53346,53254,53136,52971,52432,52432,52292,51985,51889,51523,51254,51048,50793
42,Costa Rica,445442,440647,440647,440647,438587,436276,434081,432149,428295,428295,428295,426474,424472,422344,420462,416677,416677,416677,414745,412918,411123
43,Cote d'Ivoire,53730,53645,53456,53456,53247,53089,52836,52583,52202,52202,52202,51926,51732,51548,51399,51380,51198,51028,50893,50650,50499
44,Croatia,370308,369838,369765,369392,368887,368419,367933,367409,367068,367022,366724,366357,366049,365716,365335,365089,365045,364832,364599,364491,364244
45,Cuba,602526,592619,583299,573751,564011,554247,545275,536609,526837,517668,509032,500216,491904,483710,475105,466169,458219,448792,439899,431013,422614
46,Cyprus,111666,111666,111333,111140,110829,110518,110098,109665,109253,108872,108707,107887,107887,107485,107001,106428,105593,104994,104469,104469,103889
47,Czechia,1677829,1677619,1677512,1677378,1677204,1677029,1676817,1676518,1676297,1676222,1676080,1675868,1675675,1675450,1675179,1675010,1674906,1674726,1674577,1674410,1673926
48,Denmark,340882,339542,338759,338039,337013,336079,335081,333872,332977,332013,331163,330232,329180,328075,326899,325890,324948,324120,323166,322276,321344
49,Diamond Princess,712,712,712,712,712,712,712,712,712,712,712,712,712,712,712,712,712,712,712,712,712
50,Djibouti,11698,11696,11696,11690,11690,11689,11689,11689,11682,11676,11676,11672,11672,11669,11663,11663,11662,11659,11659,11656,11655
51,Dominica,1339,1339,1339,953,953,953,953,953,943,943,412,412,412,412,412,367,218,218,218,218,218
52,Dominican Republic,348249,348026,347835,347637,346997,346997,346693,346510,346459,346176,345960,345637,345325,345118,344836,344625,344495,344151,343829,343512,343186
53,Ecuador,498728,495115,495115,495115,495115,493767,493767,493767,493767,493767,493767,493767,493148,491831,491831,491831,491185,491185,490356,489089,487702
54,Egypt,286541,286352,286168,285995,285831,285700,285577,285465,285358,285257,285158,285061,284966,284875,284789,284706,284641,284580,284523,284472,284415
55,El Salvador,92686,92686,92686,92686,92416,92416,92135,90129,90129,90129,90129,90129,90129,89826,88371,88371,88371,88371,88371,88371,87498
56,Equatorial Guinea,9096,9049,9049,9049,9010,9010,9010,8972,8972,8972,8972,8951,8951,8951,8951,8951,8951,8940,8940,8928,8928
57,Eritrea,6632,6624,6623,6620,6618,6618,6611,6609,6603,6601,6601,6597,6597,6593,6589,6589,6576,6576,6576,6573,6568
58,Estonia,139500,139126,138807,138706,138488,138157,137800,137514,137155,136992,136790,136500,136228,135856,135512,135223,135076,134950,134720,134479,134221
59,Eswatini,40714,40714,40455,40283,39530,38739,38030,37261,36514,36008,35851,34585,34585,33565,31738,31738,31060,30787,30377,29397,28535
60,Ethiopia,296731,296731,295019,295019,293737,292731,291803,290818,289962,289274,288788,288159,287184,286286,284531,284531,284091,283667,283082,282498,281811
61,Fiji,44490,44188,43597,43294,43096,42611,41830,41177,40587,39770,39456,39456,38812,38414,37846,37582,36979,36322,35640,34888,32733
62,Finland,123061,122417,122046,121543,120870,120186,119320,118647,117982,117531,116996,116231,115305,114281,113437,112656,112207,110885,110720,109982,109230
63,France,6708163,6702746,6700252,6682952,6659686,6635417,6609822,6573730,6476855,6471262,6471262,6469968,6468636,6439140,6400565,6373825,6371349,6350899,6324215,6298649,6270504
64,Gabon,25717,25667,25667,25667,25626,25626,25607,25607,25564,25564,25564,25529,25529,25487,25487,25462,25462,25462,25440,25440,25405
65,Gambia,9470,9470,9439,9364,9318,9318,9195,9195,9195,8920,8920,8920,8920,8603,8603,8603,8603,8603,8505,8392,8296
66,Georgia,523022,517098,514744,510941,506040,501297,496376,490462,484254,481578,477264,471685,466326,461198,455846,450149,447913,444569,440353,436573,432903
67,Germany,3884471,3881378,3876041,3870095,3863495,3854485,3846230,3837207,3831827,3828278,3824546,3819871,3814335,3808838,3803351,3800069,3797849,3795609,3792848,3789452,3785877
68,Ghana,115525,114584,113957,113957,112928,112928,112378,111232,111232,110710,109736,109736,109428,109022,108226,108226,106750,106434,106434,106434,105512
69,Greece,566812,561812,559186,557239,554055,550459,547186,543749,539337,537125,535237,531967,528474,524871,521399,516785,514192,512342,509596,506672,503885
70,Grenada,230,222,212,196,196,196,188,188,188,180,180,180,180,180,180,178,164,164,164,164,164
71,Guatemala,440007,440007,439253,437919,433339,428096,422270,413797,413797,413040,411731,407564,403348,398990,391118,391118,390514,389510,385512,381514,377446
72,Guinea,28945,28802,28647,28647,28524,28428,28308,28255,28118,27837,27837,27645,27311,27311,27112,26969,26847,26630,26477,26188,26188
73,Guinea-Bissau,5518,5518,5496,5416,5366,5206,5206,5123,5123,5099,5052,4986,4901,4864,4788,4788,4788,4702,4679,4629,4588
74,Guyana,24336,24336,24224,24047,23795,23795,23675,23575,23561,23455,23344,23244,23156,22992,22992,22982,22932,22843,22789,22705,22643
75,Haiti,20719,20719,20689,20689,20689,20689,20556,20556,20556,20507,20507,20507,20507,20389,20389,20389,20326,20326,20326,20326,20307
76,Holy See,27,27,27,27,27,27,27,27,27,27,27,27,27,27,27,27,27,27,27,27,27
77,Honduras,329691,326830,326830,326830,323625,323625,321675,319831,316235,316235,316235,314351,312192,310610,309029,305936,305936,305936,304181,303387,301700
78,Hungary,811203,811121,810781,810781,810781,810781,810658,810549,810504,810316,810316,810316,810212,810126,810046,810011,809855,809855,809855,809803,809731
79,Iceland,10254,10177,10115,10053,9980,9916,9812,9682,9578,9522,9458,9376,9246,9126,8956,8900,8793,8738,8613,8508,8353
80,India,32474773,32449306,32424234,32393286,32358829,32322258,32285857,32250679,32225513,32192576,32156493,32117826,32077706,32036511,31998158,31969954,31934455,31895385,31856757,31812114,31769132
81,Indonesia,4008166,3989060,3979456,3967048,3950304,3930300,3908247,3892479,3871738,3854354,3833541,3804943,3774155,3749446,3718821,3686740,3666031,3639616,3607863,3568331,3532567
82,Iran,4756394,4715771,4677114,4640695,4616516,4587683,4556417,4517243,4467015,4425821,4389085,4359385,4320266,4281217,4238676,4199537,4158729,4119110,4092671,4057758,4019084
83,Iraq,1839910,1832240,1825089,1819455,1815497,1809376,1801364,1793372,1784594,1775764,1768753,1761143,1751176,1740933,1732298,1722328,1712709,1704363,1696390,1684955,1673084
84,Ireland,340278,337117,337117,335429,333304,331206,329388,327684,326188,324747,322989,320915,318937,317204,315385,313876,312465,310628,308800,307019,305527
85,Israel,1005511,999110,990524,985489,978212,970606,962193,956310,948058,939360,934896,929274,924762,918237,910569,906405,900482,897326,893105,890201,885766
86,Italy,4494857,4488779,4484613,4478691,4471225,4464005,4456765,4449606,4444338,4440669,4435008,4427827,4420429,4413162,4406241,4400617,4396417,4390684,4383787,4377188,4369964
87,Jamaica,63464,62712,61282,61282,60488,59932,59377,59088,58458,57945,57289,56165,56165,55790,55456,55144,54859,54480,54165,53839,53639
88,Japan,1344549,1323000,1306155,1283857,1258365,1232491,1207335,1183421,1163468,1148614,1130783,1110632,1090265,1071348,1055566,1044992,1032080,1017728,1002693,986750,971851
89,Jordan,791466,790450,789474,788088,788088,787367,786585,785697,784631,783448,782210,781552,780542,779530,779019,778093,777164,776178,775782,775251,774554
90,Kazakhstan,816721,811052,804711,797676,790205,782518,774760,767163,760241,752926,745138,737220,729016,720842,712597,705327,697580,689402,681077,672895,664724
91,Kenya,229628,229628,229009,228363,227077,225663,224400,222894,221406,220727,219938,218713,217276,215730,213756,212573,211828,211028,209823,208262,206691
92,Kiribati,2,2,2,2,2,2,2,2,2,2,2,2,2,2,2,2,2,2,2,2,2
93,"Korea, South",239287,237782,236366,234739,232859,230808,228657,226854,225481,223928,222111,220182,218192,216206,213987,212448,210956,209228,207406,205702,203926
94,Kosovo,132277,130376,129309,127627,125348,123098,120862,118752,116987,116247,115151,113781,112653,111644,110756,110194,109931,109662,109310,109039,108844
95,Kuwait,408434,408434,408245,408078,407878,407652,407376,407139,406883,406540,406234,405442,405442,404887,403868,403868,402794,402794,402293,401697,400979
96,Kyrgyzstan,174347,174148,173920,173676,173428,173186,172937,172668,172327,172090,171758,171238,170770,170353,169971,169500,169017,168415,167734,167076,166236
97,Laos,12957,12621,12164,12164,11753,11313,11029,10648,10441,10092,9894,9363,9363,9161,8876,8561,7778,7778,7778,7511,7015
98,Latvia,141287,141118,141045,140944,140784,140651,140505,140325,140171,140122,140049,139941,139814,139707,139587,139462,139421,139347,139284,139204,139134
99,Lebanon,592780,592156,590983,590983,588578,586585,586585,584896,583012,581497,579999,578367,576550,573959,572401,571650,570098,568505,567044,565896,565896
100,Lesotho,14382,14382,14371,14371,14370,14363,14352,14352,14352,14243,14243,14243,13862,13845,13845,13843,13603,13603,13603,13603,13603
101,Liberia,5459,5459,5459,5459,5459,5459,5459,5459,5459,5459,5459,5459,5459,5459,5459,5459,5459,5459,5459,5459,5459
102,Libya,298773,296879,295254,293532,293532,291168,289219,286894,284618,281930,279099,279099,276739,274453,271981,269847,267846,264827,262948,262948,260951
103,Liechtenstein,3233,3228,3223,3219,3209,3198,3185,3175,3161,3155,3146,3140,3127,3119,3107,3102,3101,3099,3094,3092,3091
104,Lithuania,294708,294086,293767,293342,292552,291969,291412,290766,290170,289810,289346,288747,288173,287569,286943,286408,286103,285726,285209,284432,284191
105,Luxembourg,75216,75130,74985,74985,74985,74918,74855,74779,74690,74595,74595,74595,74545,74498,74437,74395,74262,74262,74262,74212,74144
106,MS Zaandam,9,9,9,9,9,9,9,9,9,9,9,9,9,9,9,9,9,9,9,9,9
107,Madagascar,42847,42847,42842,42838,42838,42836,42832,42819,42819,42811,42811,42802,42795,42791,42787,42781,42688,42685,42685,42685,42685
108,Malawi,59624,59624,59471,59399,59249,59048,58861,58465,58221,58083,57896,57273,57273,56952,56574,56135,55920,55699,55218,54715,54178
109,Malaysia,1593602,1572765,1555093,1535286,1513024,1489460,1446512,1444270,1424639,1404899,1384353,1363683,1342215,1320547,1299767,1279776,1262540,1243852,1224595,1203706,1183110
110,Maldives,80067,80067,79959,79864,79754,79659,79525,79419,79289,79137,79000,78926,78815,78690,78578,78464,78356,78243,78130,77999,77895
111,Mali,14763,14757,14757,14749,14735,14735,14714,14701,14695,14695,14692,14685,14662,14662,14652,14647,14642,14637,14633,14615,14605
112,Malta,35866,35831,35774,35721,35653,35602,35516,35434,35380,35337,35286,35192,35091,35040,34953,34902,34846,34787,34716,34668,34590
113,Marshall Islands,4,4,4,4,4,4,4,4,4,4,4,4,4,4,4,4,4,4,4,4,4
114,Mauritania,32026,31822,31642,31390,31174,30897,30635,30635,30121,29884,29603,29307,29004,28724,28438,28197,28197,27957,27596,26902,26902
115,Mauritius,8098,8098,7070,7070,7070,6758,6460,6122,6122,5607,5607,5607,5349,5219,5219,4592,4592,4592,4592,4592,4493
116,Mexico,3231616,3225073,3217415,3197108,3175211,3152205,3123252,3108438,3101266,3091971,3068329,3045571,3020596,2997885,2978330,2971817,2964244,2944226,2922663,2901094,2880409
117,Micronesia,1,1,1,1,1,1,1,1,1,1,1,1,1,1,1,1,1,1,1,1,1
118,Moldova,265258,264746,264432,264283,263907,263500,263074,262589,262044,262044,261947,261807,261524,261256,261000,260807,260555,260555,260424,260183,260024
119,Monaco,3141,3141,3133,3129,3105,3105,3099,3080,3059,3059,3058,3055,3040,3035,3021,2992,2973,2973,2961,2940,2940
120,Mongolia,196846,195250,193684,191904,190253,188412,186537,184950,183652,182591,181291,179889,178436,176993,175560,174603,173532,172069,171097,169851,168673
121,Montenegro,111038,110377,109962,109340,108742,108108,107576,107041,106493,106196,105750,105356,105002,104613,104264,103932,103722,103443,103158,102879,102660
122,Morocco,821129,813945,810949,806288,799775,791559,782097,772394,763353,759456,752076,741836,731084,720256,711103,701325,696282,687292,676683,665325,653286
123,Mozambique,143127,142784,142523,142013,142013,140765,140765,140071,139038,138344,137413,137413,135528,135528,133177,133177,132452,131799,130526,129036,127425
124,Namibia,124032,123861,123581,123483,123242,123082,122885,122699,122545,122469,122227,122097,121817,121603,121507,121203,121043,120814,120495,120221,119984
125,Nepal,751001,748981,747433,745731,744307,742228,739907,737294,734838,732272,730479,728532,725769,723296,720680,717486,714877,712740,710509,708079,705072
126,Netherlands,1957878,1955304,1952871,1950237,1947562,1945247,1942459,1939614,1937075,1934746,1932361,1929535,1926817,1924002,1921384,1919171,1917052,1914511,1911975,1908679,1905225
127,New Zealand,3097,3055,3017,2993,2969,2955,2937,2927,2927,2920,2915,2915,2914,2905,2903,2891,2887,2881,2881,2881,2880
128,Nicaragua,10672,10672,10672,10672,10672,10251,10251,10251,10251,10251,10251,10251,10251,10251,9853,9853,9853,9853,9853,9853,9853
129,Niger,5778,5770,5767,5761,5750,5750,5734,5734,5724,5722,5719,5716,5716,5697,5687,5687,5682,5676,5676,5669,5658
130,Nigeria,187588,187023,186635,185571,185267,183444,183444,183087,182503,181962,181297,180661,179908,179118,178508,178086,177615,177142,176577,176011,175264
131,North Macedonia,169202,169202,168872,167991,166741,165684,164529,163452,162457,162164,161359,160571,159908,159269,158681,158164,158025,157627,157251,156926,156707
132,Norway,150259,149212,148608,148055,147476,146690,146056,145400,144758,144309,144035,143497,142895,142321,141661,141097,140704,140344,139955,139463,138945
133,Oman,301570,301450,301299,300914,300914,300914,300728,300581,300408,300194,299642,299642,299642,299418,298942,298942,298706,298020,298020,298020,297724
134,Pakistan,1131659,1127584,1123812,1119970,1116886,1113647,1109274,1105300,1102079,1098410,1094699,1089913,1085294,1080360,1075504,1071620,1067580,1063125,1058405,1053660,1047999
136,Panama,452986,452598,451984,451293,450624,449762,448924,448268,447824,447261,446409,445651,444695,443718,442818,442295,441316,440494,439599,438781,437744
137,Papua New Guinea,17838,17832,17832,17832,17832,17832,17832,17812,17812,17806,17806,17806,17806,17780,17774,17774,17774,17774,17774,17774,17774
138,Paraguay,457838,457725,457612,457472,457349,457222,457023,456842,456695,456589,456484,456291,456064,455680,455389,455120,454865,454542,454194,453794,453367
139,Peru,2142565,2142153,2140062,2140062,2138666,2137295,2135827,2134365,2133812,2132834,2131337,2130018,2128516,2127034,2125848,2125345,2124128,2122557,2121061,2119068,2116652
140,Philippines,1869691,1857646,1839635,1824051,1807800,1791003,1776495,1765675,1755846,1741616,1727231,1713302,1700363,1688040,1667714,1667714,1659080,1649341,1638345,1627816,1619824
141,Poland,2887037,2886805,2886698,2886513,2886291,2886079,2885883,2885676,2885461,2885333,2885185,2884974,2884780,2884557,2884361,2884162,2884098,2883976,2883796,2883624,2883448
142,Portugal,1022807,1020546,1019420,1017308,1014632,1012125,1009571,1006588,1004470,1003335,1001118,998547,995949,993241,990293,988061,986967,984985,982364,979987,977406
143,Qatar,231343,231126,230837,230632,230442,230221,229915,229697,229428,229168,228981,228543,228543,228346,228119,227899,227689,227472,227273,227055,226874
144,Romania,1092122,1091340,1090925,1090408,1089817,1089189,1088594,1088053,1087509,1087223,1086900,1086492,1086109,1085738,1085412,1085100,1084919,1084711,1084456,1084226,1083982
145,Russia,6690633,6672373,6653498,6633521,6613107,6592705,6572246,6551934,6531585,6511431,6490421,6468890,6447229,6425918,6404960,6384195,6362641,6340370,6318643,6296570,6274006
146,Rwanda,83519,83023,82630,82215,81835,81339,80704,80137,79702,79702,78818,78818,77854,77854,76635,76091,76091,74993,74364,73610,72841
147,Saint Kitts and Nevis,823,823,823,792,742,742,708,681,655,655,642,636,630,625,620,614,614,611,603,600,600
148,Saint Lucia,7232,7232,7111,6955,6857,6578,6578,6475,6366,6287,6194,6112,5982,5949,5913,5837,5779,5713,5713,5688,5671
149,Saint Vincent and the Grenadines,2320,2320,2320,2320,2320,2320,2320,2317,2314,2308,2308,2307,2307,2306,2299,2299,2298,2298,2298,2298,2297
150,Samoa,3,3,3,3,3,3,3,3,3,3,3,3,3,3,3,3,3,3,3,3,3
151,San Marino,5261,5261,5231,5231,5231,5231,5231,5231,5231,5194,5194,5194,5194,5194,5194,5147,5147,5147,5147,5147,5147
152,Sao Tome and Principe,2524,2524,2524,2524,2517,2502,2496,2492,2489,2488,2488,2480,2480,2478,2476,2475,2470,2470,2468,2465,2457
153,Saudi Arabia,541994,541994,541201,541201,540244,540244,539129,539129,539129,537374,537374,537374,531935,531935,531935,531935,531935,531935,531935,526814,526814
154,Senegal,72086,72015,71927,71772,71628,71441,71266,71002,70854,70679,70413,70125,69576,68920,68348,68012,67579,66898,66250,65333,64522
155,Serbia,746366,744150,742313,741071,739561,737969,736313,734816,733332,732044,731227,730222,729150,728167,727246,726454,725702,725245,724661,724097,723518
156,Seychelles,19594,19390,19390,19390,19390,19390,19186,18895,18895,18895,18895,18895,18714,18714,18714,18582,18582,18582,18582,18582,18384
157,Sierra Leone,6355,6355,6355,6347,6347,6347,6343,6343,6342,6342,6338,6332,6332,6324,6315,6315,6315,6313,6310,6303,6296
158,Singapore,66692,66576,66478,66443,66406,66366,66334,66281,66225,66172,66119,66061,66012,65953,65890,65764,65764,65686,65605,65508,65410
159,Slovakia,394204,394093,394082,393977,393883,393799,393722,393610,393536,393529,393455,393361,393302,393228,393160,393059,393040,393007,392898,392898,392845
160,Slovenia,264141,263664,263547,263303,262904,262571,262189,261804,261484,261428,261333,261068,260867,260619,260372,260156,260109,260041,259909,259764,259625
161,Solomon Islands,20,20,20,20,20,20,20,20,20,20,20,20,20,20,20,20,20,20,20,20,20
162,Somalia,16892,16787,16535,16535,16535,16535,16399,16399,16319,16265,16195,16195,16103,16039,15929,15865,15788,15735,15735,15735,15658
163,South Africa,2698605,2698605,2690973,2680225,2666964,2652652,2638981,2624254,2613569,2605586,2595447,2582427,2568511,2554240,2546762,2540222,2533466,2523488,2511178,2497655,2484009
164,South Sudan,11310,11310,11243,11243,11243,11227,11223,11207,11172,11172,11172,11143,11143,11141,11121,11121,11100,11100,11100,11090,11081
165,Spain,4804424,4794352,4770453,4770453,4770453,4758003,4745558,4733602,4719266,4693540,4693540,4693540,4677883,4660473,4643450,4627770,4588132,4588132,4588132,4566571,4544576
166,Sri Lanka,398801,394355,390000,385696,376971,373165,369359,365683,358608,354109,351533,348270,345118,335851,335851,332947,329994,326043,324223,321429,318755
167,Sudan,37639,37639,37620,37620,37620,37616,37616,37556,37556,37543,37543,37543,37532,37528,37528,37138,37138,37138,37138,37138,37138
168,Summer Olympics 2020,700,690,578,578,578,575,574,567,554,542,533,533,533,511,436,409,409,387,358,327,299
169,Suriname,27574,27503,27371,27210,27070,26916,26802,26641,26593,26539,26433,26318,26222,26103,26046,26002,25917,25853,25716,25614,25549
170,Sweden,1119358,1116584,1116584,1116584,1116584,1115566,1114278,1112958,1110147,1110147,1110147,1110147,1109112,1108057,1106821,1104538,1104538,1104538,1104538,1103693,1102829
171,Switzerland,761978,758984,752761,752761,752761,750186,747396,744106,740954,735375,735375,735375,733275,731148,729024,727113,723968,723968,723968,722801,721776
172,Syria,27003,26901,26799,26719,26719,26554,26554,26479,26342,26292,26247,26205,26205,26136,26116,26116,26081,26071,26071,26044,26044
173,Taiwan*,15938,15932,15926,15916,15906,15897,15891,15880,15862,15852,15843,15836,15820,15814,15798,15790,15782,15775,15765,15753,15742
174,Tajikistan,16514,16514,16423,16423,16326,16326,16275,16175,16121,16061,15997,15862,15862,15792,15720,15651,15583,15513,15440,15440,15364
175,Tanzania,1367,1367,1367,1367,1367,1367,1367,1367,1367,1367,1367,1367,1367,1367,1017,1017,1017,1017,1017,1017,1017
176,Thailand,1083951,1066786,1049295,1030281,1009710,989859,968957,948442,928314,907157,885275,863189,839771,816989,795951,776108,756505,736522,714684,693305,672385
177,Timor-Leste,14935,14403,14216,13981,13700,13433,13155,12682,12682,12565,12272,12059,11870,11870,11717,11579,11529,11475,11386,11225,11145
178,Togo,19702,19614,19491,19128,19128,18605,18359,18086,18000,17581,17581,17434,17239,17239,16946,16874,16728,16559,16401,16232,16053
179,Trinidad and Tobago,43145,43033,42962,42839,42582,42427,42233,42233,41866,41676,41676,41207,40889,40574,40361,40233,40104,40104,39577,39345,39162
180,Tunisia,642788,640897,638072,635455,632328,632328,626750,625688,625688,622262,622262,620212,618124,616764,613628,612867,610660,608114,605205,602757,599594
181,Turkey,6234490,6234490,6197011,6177660,6177660,6157742,6118478,6096786,6078623,6078623,6039827,6039827,6018455,5968838,5942241,5918510,5895841,5870741,5870741,5822487,5822487
182,US,37980821,37861263,37701629,37665585,37426156,37262481,37127962,36975238,36846967,36665970,36626724,36414121,36317354,36161204,36008398,35916486,35757980,35730560,35541106,35407683,35314746
183,Uganda,118900,97453,97453,97453,97453,97453,97294,97186,97124,96987,96678,96497,96224,96067,95955,95875,95723,95474,95226,94904,94739
184,Ukraine,2370604,2369339,2368150,2366560,2364242,2362052,2359893,2357844,2356345,2355317,2354008,2352042,2350163,2348295,2346560,2345166,2344260,2343046,2341399,2339731,2338123
185,United Arab Emirates,711428,710438,709378,708302,707236,706166,705089,704000,702885,701776,700587,699381,698166,696906,695619,694285,692964,691554,690009,688489,686981
186,United Kingdom,6586105,6555242,6523563,6491475,6459527,6422292,6385940,6352224,6325341,6297107,6270599,6241297,6208745,6175919,6146488,6123007,6097994,6070779,6042350,6010745,5980697
187,Uruguay,384181,384094,384026,383903,383758,383645,383505,383387,383292,383212,383101,382997,382873,382721,382607,382506,382360,382295,382155,381994,381853
188,Uzbekistan,150683,149876,149058,148203,147322,146459,145615,144764,143918,143041,142124,141158,140210,139285,138382,137491,136635,135738,134826,133852,132901
189,Vanuatu,4,4,4,4,4,4,4,4,4,4,4,4,4,4,4,4,4,4,4,4,4
190,Venezuela,326522,325716,324642,323526,322757,321927,320922,319955,319094,318185,317334,316449,315498,314480,313584,312931,312115,310960,309981,309218,308452
191,Vietnam,369267,358456,348059,336707,323268,312611,302101,293301,275044,275044,255748,246568,241543,232937,224894,215560,205656,197175,189066,181756,174461
192,West Bank and Gaza,329204,327634,326310,324542,324542,322620,321867,321031,320411,320034,319646,319646,319223,318435,318181,317999,317999,317703,317703,317404,317404
193,Yemen,7580,7539,7509,7487,7454,7407,7372,7347,7308,7293,7273,7256,7233,7213,7198,7187,7165,7131,7131,7104,7096
194,Zambia,204977,204651,204549,204337,203978,203553,203169,202787,202429,202261,202078,201867,201770,201342,200830,200201,200049,199662,199135,198455,197791
195,Zimbabwe,123001,122652,122487,122288,121902,121498,121046,120532,120088,119853,119508,118754,117954,117258,116853,116327,115890,115445,114489,113526,112435
